-- --------------------------------------------------------
-- Host:                         localhost
-- Server version:               5.7.18-0ubuntu0.16.04.1 - (Ubuntu)
-- Server OS:                    Linux
-- HeidiSQL Version:             9.3.0.4984
-- --------------------------------------------------------

/*!40101 SET @OLD_CHARACTER_SET_CLIENT=@@CHARACTER_SET_CLIENT */;
/*!40101 SET NAMES utf8mb4 */;
/*!40014 SET @OLD_FOREIGN_KEY_CHECKS=@@FOREIGN_KEY_CHECKS, FOREIGN_KEY_CHECKS=0 */;
/*!40101 SET @OLD_SQL_MODE=@@SQL_MODE, SQL_MODE='NO_AUTO_VALUE_ON_ZERO' */;

-- Dumping structure for table symfony.ingredients
CREATE TABLE IF NOT EXISTS `ingredients` (
  `id` int(11) NOT NULL AUTO_INCREMENT,
  `name` varchar(255) COLLATE utf8_unicode_ci NOT NULL,
  `cost` int(11) NOT NULL,
  PRIMARY KEY (`id`)
) ENGINE=InnoDB DEFAULT CHARSET=utf8 COLLATE=utf8_unicode_ci;

-- Dumping data for table symfony.ingredients: ~0 rows (approximately)
DELETE FROM `ingredients`;
/*!40000 ALTER TABLE `ingredients` DISABLE KEYS */;
/*!40000 ALTER TABLE `ingredients` ENABLE KEYS */;


-- Dumping structure for table symfony.migration_versions
CREATE TABLE IF NOT EXISTS `migration_versions` (
  `version` varchar(255) COLLATE utf8_unicode_ci NOT NULL,
  PRIMARY KEY (`version`)
) ENGINE=InnoDB DEFAULT CHARSET=utf8 COLLATE=utf8_unicode_ci;

-- Dumping data for table symfony.migration_versions: ~4 rows (approximately)
DELETE FROM `migration_versions`;
/*!40000 ALTER TABLE `migration_versions` DISABLE KEYS */;
INSERT INTO `migration_versions` (`version`) VALUES
	('20170603180917'),
	('20170603190823'),
	('20170607191814'),
	('20170607192009'),
	('20170608073128');
/*!40000 ALTER TABLE `migration_versions` ENABLE KEYS */;


-- Dumping structure for table symfony.settings
CREATE TABLE IF NOT EXISTS `settings` (
  `id` int(11) NOT NULL AUTO_INCREMENT,
  `name` varchar(255) COLLATE utf8_unicode_ci NOT NULL,
  `value` varchar(255) COLLATE utf8_unicode_ci NOT NULL,
  PRIMARY KEY (`id`)
) ENGINE=InnoDB AUTO_INCREMENT=3 DEFAULT CHARSET=utf8 COLLATE=utf8_unicode_ci;

-- Dumping data for table symfony.settings: ~0 rows (approximately)
DELETE FROM `settings`;
/*!40000 ALTER TABLE `settings` DISABLE KEYS */;
INSERT INTO `settings` (`id`, `name`, `value`) VALUES
	(1, 'calculation_from', '2017-06-06 12:29:37'),
	(2, 'calculation_to', '2017-08-08 12:29:37');
/*!40000 ALTER TABLE `settings` ENABLE KEYS */;


-- Dumping structure for table symfony.users
CREATE TABLE IF NOT EXISTS `users` (
  `id` int(11) NOT NULL AUTO_INCREMENT,
  `name` varchar(255) COLLATE utf8_unicode_ci NOT NULL,
  `type` varchar(255) COLLATE utf8_unicode_ci NOT NULL DEFAULT 'owner',
  `amortization` tinyint(1) NOT NULL DEFAULT '0',
  PRIMARY KEY (`id`)
) ENGINE=InnoDB AUTO_INCREMENT=9 DEFAULT CHARSET=utf8 COLLATE=utf8_unicode_ci;

-- Dumping data for table symfony.users: ~0 rows (approximately)
DELETE FROM `users`;
/*!40000 ALTER TABLE `users` DISABLE KEYS */;
INSERT INTO `users` (`id`, `name`, `type`, `amortization`) VALUES
	(1, 'Vasiliy', 'owner', 0),
	(2, 'Stepan', 'owner', 0),
	(3, 'Max', 'owner', 0),
	(4, 'Yury', 'owner', 0),
	(5, 'Vitaly', 'owner', 0),
	(6, 'Evgeny_S', 'owner', 0),
	(7, 'Evgeny_N', 'owner', 0),
	(8, 'Vlad', 'buyer', 0);
/*!40000 ALTER TABLE `users` ENABLE KEYS */;


-- Dumping structure for table symfony.сoffee_consumption
CREATE TABLE IF NOT EXISTS `сoffee_consumption` (
  `id` int(11) NOT NULL AUTO_INCREMENT,
  `user_id` int(11) NOT NULL,
  `cost` int(11) NOT NULL,
  `create_date` datetime NOT NULL,
  PRIMARY KEY (`id`)
) ENGINE=InnoDB AUTO_INCREMENT=262 DEFAULT CHARSET=utf8 COLLATE=utf8_unicode_ci;

-- Dumping data for table symfony.сoffee_consumption: ~0 rows (approximately)
DELETE FROM `сoffee_consumption`;
/*!40000 ALTER TABLE `сoffee_consumption` DISABLE KEYS */;
INSERT INTO `сoffee_consumption` (`id`, `user_id`, `cost`, `create_date`) VALUES
	(11, 6, 28, '2017-05-16 14:33:12'),
	(12, 3, 28, '2017-05-16 14:34:25'),
	(13, 7, 28, '2017-05-16 14:39:12'),
	(14, 2, 28, '2017-05-16 14:42:25'),
	(16, 1, 28, '2017-05-16 14:43:29'),
	(17, 1, 28, '2017-05-16 14:45:58'),
	(18, 5, 28, '2017-05-16 14:47:23'),
	(19, 2, 28, '2017-05-16 16:42:35'),
	(20, 6, 28, '2017-05-16 16:42:50'),
	(21, 3, 28, '2017-05-16 16:42:57'),
	(22, 3, 28, '2017-05-16 16:45:54'),
	(23, 4, 28, '2017-05-17 09:57:45'),
	(24, 1, 28, '2017-05-17 09:57:50'),
	(25, 6, 28, '2017-05-17 09:58:12'),
	(26, 6, 28, '2017-05-17 09:58:17'),
	(27, 6, 28, '2017-05-17 11:38:19'),
	(28, 4, 28, '2017-05-17 11:38:26'),
	(29, 1, 28, '2017-05-17 11:38:30'),
	(30, 3, 28, '2017-05-17 11:38:41'),
	(31, 6, 28, '2017-05-17 14:46:14'),
	(32, 2, 56, '2017-05-17 14:46:28'),
	(33, 3, 28, '2017-05-17 14:46:38'),
	(34, 1, 28, '2017-05-17 14:46:49'),
	(35, 7, 28, '2017-05-17 15:06:44'),
	(36, 5, 28, '2017-05-17 17:31:11'),
	(37, 2, 28, '2017-05-17 18:54:56'),
	(41, 6, 28, '2017-05-18 09:44:26'),
	(42, 1, 28, '2017-05-18 10:05:32'),
	(43, 1, 28, '2017-05-18 10:06:14'),
	(44, 3, 28, '2017-05-18 10:13:12'),
	(45, 6, 28, '2017-05-18 15:11:37'),
	(46, 1, 28, '2017-05-18 15:11:45'),
	(47, 3, 28, '2017-05-18 15:11:50'),
	(48, 2, 28, '2017-05-18 15:11:57'),
	(49, 4, 28, '2017-05-18 15:12:34'),
	(50, 7, 28, '2017-05-18 16:02:25'),
	(51, 5, 28, '2017-05-18 16:02:35'),
	(52, 6, 28, '2017-05-18 16:02:43'),
	(54, 1, 56, '2017-05-19 10:07:04'),
	(55, 4, 28, '2017-05-19 10:07:14'),
	(56, 6, 28, '2017-05-19 10:07:19'),
	(57, 3, 28, '2017-05-19 11:26:49'),
	(58, 1, 28, '2017-05-19 14:14:33'),
	(59, 2, 28, '2017-05-19 14:56:26'),
	(60, 6, 28, '2017-05-19 14:56:58'),
	(61, 1, 28, '2017-05-19 15:07:35'),
	(62, 7, 28, '2017-05-19 15:11:05'),
	(63, 6, 28, '2017-05-19 16:15:14'),
	(64, 1, 28, '2017-05-19 16:44:32'),
	(65, 4, 28, '2017-05-19 16:44:47'),
	(66, 1, 28, '2017-05-22 10:06:08'),
	(67, 6, 28, '2017-05-22 10:06:13'),
	(68, 3, 28, '2017-05-22 10:06:18'),
	(69, 1, 28, '2017-05-22 11:43:45'),
	(70, 6, 28, '2017-05-22 11:43:59'),
	(71, 6, 28, '2017-05-22 14:20:50'),
	(72, 2, 28, '2017-05-22 14:20:55'),
	(73, 7, 28, '2017-05-22 14:21:01'),
	(74, 1, 28, '2017-05-22 14:22:34'),
	(75, 4, 28, '2017-05-22 14:22:39'),
	(76, 5, 28, '2017-05-22 15:26:31'),
	(77, 2, 28, '2017-05-22 18:31:41'),
	(78, 3, 28, '2017-05-22 18:34:56'),
	(79, 6, 28, '2017-05-23 10:04:06'),
	(80, 3, 28, '2017-05-23 10:08:29'),
	(81, 1, 56, '2017-05-23 11:04:43'),
	(82, 4, 28, '2017-05-23 11:04:50'),
	(83, 4, 28, '2017-05-23 14:32:31'),
	(84, 1, 28, '2017-05-23 14:34:21'),
	(85, 5, 28, '2017-05-23 14:36:07'),
	(86, 6, 28, '2017-05-23 15:11:50'),
	(87, 7, 28, '2017-05-23 15:11:54'),
	(88, 3, 28, '2017-05-23 15:47:38'),
	(89, 2, 28, '2017-05-23 15:47:54'),
	(90, 1, 28, '2017-05-24 09:34:58'),
	(91, 6, 28, '2017-05-24 09:35:07'),
	(92, 2, 28, '2017-05-24 09:35:11'),
	(93, 4, 28, '2017-05-24 09:40:53'),
	(94, 1, 28, '2017-05-24 09:42:57'),
	(95, 6, 28, '2017-05-24 09:59:38'),
	(96, 3, 28, '2017-05-24 12:24:42'),
	(97, 1, 28, '2017-05-24 14:07:22'),
	(98, 4, 28, '2017-05-24 14:19:45'),
	(99, 6, 28, '2017-05-24 14:27:08'),
	(100, 2, 28, '2017-05-24 14:27:17'),
	(101, 3, 28, '2017-05-24 14:29:11'),
	(102, 7, 28, '2017-05-24 14:29:18'),
	(104, 5, 28, '2017-05-24 16:06:13'),
	(105, 1, 28, '2017-05-25 10:03:37'),
	(106, 5, 28, '2017-05-25 10:03:43'),
	(107, 4, 28, '2017-05-25 10:03:48'),
	(108, 6, 28, '2017-05-25 10:03:53'),
	(109, 1, 28, '2017-05-25 10:16:58'),
	(110, 3, 28, '2017-05-25 10:53:03'),
	(111, 6, 28, '2017-05-25 11:02:04'),
	(112, 1, 28, '2017-05-25 13:48:53'),
	(113, 4, 28, '2017-05-25 13:49:51'),
	(114, 3, 28, '2017-05-25 14:20:06'),
	(115, 6, 28, '2017-05-25 14:20:09'),
	(116, 7, 28, '2017-05-25 14:23:42'),
	(117, 6, 28, '2017-05-25 14:23:47'),
	(118, 2, 28, '2017-05-25 15:16:06'),
	(119, 5, 28, '2017-05-25 15:20:06'),
	(120, 1, 28, '2017-05-25 15:22:54'),
	(121, 6, 28, '2017-05-25 17:18:36'),
	(122, 1, 28, '2017-05-26 10:21:26'),
	(123, 3, 28, '2017-05-26 10:21:32'),
	(124, 4, 28, '2017-05-26 10:21:35'),
	(125, 5, 28, '2017-05-26 10:21:39'),
	(126, 6, 28, '2017-05-26 10:21:46'),
	(127, 1, 28, '2017-05-26 11:05:02'),
	(128, 5, 28, '2017-05-26 14:34:10'),
	(129, 4, 28, '2017-05-26 14:34:21'),
	(130, 3, 28, '2017-05-26 15:29:14'),
	(131, 6, 28, '2017-05-26 15:29:24'),
	(132, 7, 28, '2017-05-26 15:29:29'),
	(133, 1, 28, '2017-05-26 16:28:01'),
	(134, 5, 28, '2017-05-26 17:29:56'),
	(135, 6, 28, '2017-05-29 10:13:48'),
	(136, 1, 28, '2017-05-29 10:16:50'),
	(137, 5, 28, '2017-05-29 10:17:03'),
	(138, 4, 28, '2017-05-29 10:17:08'),
	(139, 3, 28, '2017-05-29 10:45:22'),
	(140, 1, 28, '2017-05-29 10:50:52'),
	(141, 3, 28, '2017-05-29 15:02:33'),
	(142, 6, 28, '2017-05-29 15:04:57'),
	(143, 5, 28, '2017-05-29 17:00:33'),
	(144, 3, 28, '2017-05-29 17:00:36'),
	(145, 2, 28, '2017-05-29 18:35:16'),
	(146, 5, 28, '2017-05-30 10:25:21'),
	(147, 4, 28, '2017-05-30 10:25:31'),
	(148, 6, 28, '2017-05-30 10:25:44'),
	(149, 2, 28, '2017-05-30 11:33:43'),
	(150, 3, 28, '2017-05-30 11:36:57'),
	(151, 5, 28, '2017-05-30 14:03:39'),
	(152, 1, 28, '2017-05-30 14:33:45'),
	(153, 7, 28, '2017-05-30 14:33:49'),
	(154, 6, 28, '2017-05-30 14:33:53'),
	(155, 2, 28, '2017-05-30 16:43:44'),
	(156, 1, 28, '2017-05-30 16:47:30'),
	(157, 6, 28, '2017-05-30 16:47:41'),
	(158, 1, 28, '2017-05-30 16:50:23'),
	(159, 5, 28, '2017-05-31 10:01:10'),
	(160, 1, 56, '2017-05-31 10:12:55'),
	(161, 4, 28, '2017-05-31 10:12:59'),
	(162, 3, 28, '2017-05-31 10:13:13'),
	(163, 6, 28, '2017-05-31 10:26:35'),
	(164, 2, 28, '2017-05-31 13:40:29'),
	(165, 5, 28, '2017-05-31 14:16:05'),
	(166, 1, 28, '2017-05-31 15:22:33'),
	(167, 2, 28, '2017-05-31 15:27:06'),
	(168, 6, 28, '2017-05-31 15:27:11'),
	(169, 7, 28, '2017-05-31 15:28:28'),
	(170, 5, 28, '2017-05-31 16:47:38'),
	(171, 4, 28, '2017-05-31 16:50:44'),
	(172, 1, 28, '2017-05-31 16:50:55'),
	(173, 6, 28, '2017-06-01 10:47:15'),
	(174, 4, 28, '2017-06-01 10:47:27'),
	(175, 1, 28, '2017-06-01 10:47:31'),
	(176, 1, 28, '2017-06-01 10:47:34'),
	(178, 3, 28, '2017-06-01 10:47:44'),
	(179, 5, 28, '2017-06-01 10:47:48'),
	(180, 4, 28, '2017-06-01 14:31:29'),
	(181, 1, 28, '2017-06-01 14:42:02'),
	(182, 2, 28, '2017-06-01 14:52:27'),
	(183, 7, 28, '2017-06-01 17:59:18'),
	(184, 6, 28, '2017-06-01 17:59:21'),
	(185, 5, 28, '2017-06-01 18:48:19'),
	(186, 3, 28, '2017-06-02 10:22:46'),
	(187, 5, 28, '2017-06-02 10:22:51'),
	(188, 1, 56, '2017-06-02 10:22:59'),
	(189, 7, 28, '2017-06-02 12:15:03'),
	(190, 2, 28, '2017-06-02 13:29:43'),
	(191, 4, 28, '2017-06-02 13:29:59'),
	(192, 5, 28, '2017-06-02 13:30:04'),
	(193, 4, 28, '2017-06-02 13:59:31'),
	(194, 1, 28, '2017-06-02 14:57:23'),
	(195, 7, 28, '2017-06-02 15:01:56'),
	(196, 3, 28, '2017-06-05 10:52:01'),
	(197, 1, 28, '2017-06-05 10:52:08'),
	(198, 4, 28, '2017-06-05 10:52:12'),
	(199, 6, 28, '2017-06-05 10:52:20'),
	(200, 1, 28, '2017-06-05 11:46:07'),
	(201, 2, 28, '2017-06-05 13:06:02'),
	(202, 3, 28, '2017-06-05 14:18:54'),
	(203, 7, 28, '2017-06-05 14:22:09'),
	(204, 1, 28, '2017-06-05 14:22:18'),
	(205, 6, 28, '2017-06-05 15:09:43'),
	(206, 5, 28, '2017-06-05 16:28:20'),
	(207, 5, 28, '2017-06-05 17:32:21'),
	(208, 6, 28, '2017-06-05 17:32:24'),
	(209, 4, 28, '2017-06-05 17:32:28'),
	(210, 1, 28, '2017-06-05 17:57:06'),
	(211, 1, 28, '2017-06-06 11:24:27'),
	(212, 3, 28, '2017-06-06 11:24:31'),
	(213, 6, 28, '2017-06-06 11:24:34'),
	(214, 1, 28, '2017-06-06 11:49:37'),
	(215, 2, 28, '2017-06-06 12:34:50'),
	(216, 1, 28, '2017-06-06 13:51:20'),
	(217, 6, 28, '2017-06-06 14:11:43'),
	(218, 7, 28, '2017-06-06 14:11:50'),
	(219, 3, 28, '2017-06-06 14:40:28'),
	(220, 1, 28, '2017-06-06 16:21:24'),
	(221, 6, 28, '2017-06-06 16:21:44'),
	(222, 2, 28, '2017-06-06 16:21:48'),
	(223, 5, 28, '2017-06-06 16:22:55'),
	(224, 3, 28, '2017-06-06 17:05:28'),
	(225, 5, 28, '2017-06-07 10:53:29'),
	(226, 4, 28, '2017-06-07 10:53:44'),
	(227, 3, 28, '2017-06-07 10:53:51'),
	(228, 1, 28, '2017-06-07 10:53:58'),
	(229, 1, 28, '2017-06-07 10:54:04'),
	(230, 8, 28, '2017-06-07 11:48:53'),
	(231, 3, 28, '2017-06-07 14:21:38'),
	(232, 2, 28, '2017-06-07 14:21:46'),
	(233, 8, 28, '2017-06-07 14:25:48'),
	(235, 5, 28, '2017-06-07 14:47:12'),
	(236, 4, 28, '2017-06-07 14:48:27'),
	(237, 1, 28, '2017-06-07 15:49:57'),
	(238, 3, 28, '2017-06-07 17:49:56'),
	(239, 2, 28, '2017-06-08 10:01:32'),
	(240, 4, 28, '2017-06-08 10:01:39'),
	(241, 1, 28, '2017-06-08 10:01:42'),
	(242, 6, 28, '2017-06-08 11:01:46'),
	(243, 1, 28, '2017-06-08 11:12:29'),
	(244, 2, 28, '2017-06-08 12:59:58'),
	(245, 7, 28, '2017-06-08 13:06:03'),
	(246, 5, 28, '2017-06-08 15:32:31'),
	(247, 1, 28, '2017-06-08 15:33:28'),
	(248, 8, 28, '2017-06-08 15:38:06'),
	(249, 3, 28, '2017-06-09 10:15:33'),
	(250, 5, 28, '2017-06-09 10:15:39'),
	(251, 4, 28, '2017-06-09 10:16:11'),
	(252, 1, 28, '2017-06-09 10:16:26'),
	(253, 6, 28, '2017-06-09 10:16:40'),
	(254, 1, 28, '2017-06-09 12:35:32'),
	(255, 3, 28, '2017-06-09 12:41:19'),
	(256, 1, 28, '2017-06-09 14:27:18'),
	(257, 4, 28, '2017-06-09 14:27:22'),
	(258, 7, 28, '2017-06-09 15:07:26'),
	(259, 6, 28, '2017-06-09 15:07:30'),
	(260, 5, 28, '2017-06-09 16:45:28'),
	(261, 3, 28, '2017-06-09 16:52:03');
/*!40000 ALTER TABLE `сoffee_consumption` ENABLE KEYS */;
/*!40101 SET SQL_MODE=IFNULL(@OLD_SQL_MODE, '') */;
/*!40014 SET FOREIGN_KEY_CHECKS=IF(@OLD_FOREIGN_KEY_CHECKS IS NULL, 1, @OLD_FOREIGN_KEY_CHECKS) */;
/*!40101 SET CHARACTER_SET_CLIENT=@OLD_CHARACTER_SET_CLIENT */;
